<?xml version="1.0" encoding="UTF-8"?>
<RecordType xmlns="http://soap.sforce.com/2006/04/metadata">
    <fullName>cloudx_cms__image</fullName>
    <active>true</active>
    <description>Image Banner</description>
    <label>Image</label>
    <picklistValues>
        <picklist>Picklist1__c</picklist>
        <values>
            <fullName>This is my test pick-list label to reproduce dx deployment issue%2EThis is my test pick-list label to reproduce dx deployment issue%2EThis is my test to ** reproduce dx deployment issue%2E%28i%2Ee%2C Test data value%2Fstring%29 %26 test a piclist value exceeds 255</fullName>
            <default>false</default>
        </values>
        <values>
            <fullName>Val1</fullName>
            <default>false</default>
        </values>
        <values>
            <fullName>Val2</fullName>
            <default>false</default>
        </values>
    </picklistValues>
    <picklistValues>
        <picklist>cloudx_cms__Description_Size__c</picklist>
        <values>
            <fullName>This is my test pick-list label to reproduce dx deployment issue%2EThis is my test pick-list label to reproduce dx deployment issue%2EThis is my test to ** reproduce dx deployment issue%2E%28i%2Ee%2C Test data value%2Fstring%29 %26 test a piclist value exceeds 255</fullName>
            <default>false</default>
        </values>
        <values>
            <fullName>regular</fullName>
            <default>true</default>
        </values>
        <values>
            <fullName>small</fullName>
            <default>false</default>
        </values>
    </picklistValues>
</RecordType>
