<?xml version="1.0" encoding="UTF-8"?>
<CustomObject xmlns="http://soap.sforce.com/2006/04/metadata">
    <allowInChatterGroups>false</allowInChatterGroups>
    <compactLayoutAssignment>SYSTEM</compactLayoutAssignment>
    <deploymentStatus>Deployed</deploymentStatus>
    <deprecated>false</deprecated>
    <description>Carousel Slide</description>
    <enableActivities>false</enableActivities>
    <enableBulkApi>true</enableBulkApi>
    <enableFeeds>false</enableFeeds>
    <enableHistory>false</enableHistory>
    <enableReports>false</enableReports>
    <enableSearch>false</enableSearch>
    <enableSharing>true</enableSharing>
    <enableStreamingApi>true</enableStreamingApi>
    <label>Carousel Slide</label>
    <nameField>
        <displayFormat>CSLIDE-{000000}</displayFormat>
        <label>Name</label>
        <type>AutoNumber</type>
    </nameField>
    <pluralLabel>Carousel Slides</pluralLabel>
    <searchLayouts/>
    <sharingModel>ControlledByParent</sharingModel>
    <visibility>Public</visibility>
</CustomObject>
