<?xml version="1.0" encoding="UTF-8"?>
<CustomField xmlns="http://soap.sforce.com/2006/04/metadata">
    <fullName>cloudx_cms__Description_Size__c</fullName>
    <deprecated>false</deprecated>
    <description>Choose an appropriate Body text size.</description>
    <externalId>false</externalId>
    <inlineHelpText>Choose an appropriate Body text size.</inlineHelpText>
    <label>Body Text Size</label>
    <required>false</required>
    <trackTrending>false</trackTrending>
    <type>Picklist</type>
    <valueSet>
        <restricted>true</restricted>
        <valueSetDefinition>
            <sorted>false</sorted>
            <value>
                <fullName>regular</fullName>
                <default>true</default>
                <label>regular</label>
            </value>
            <value>
                <fullName>small</fullName>
                <default>false</default>
                <label>small</label>
            </value>
            <value>
                <fullName>This is my test pick-list label to reproduce dx deployment issue.This is my test pick-list label to reproduce dx deployment issue.This is my test to ** reproduce dx deployment issue.(i.e, Test data value/string) &amp; test a piclist value exceeds 255</fullName>
                <default>false</default>
                <label>This is my test pick-list label to reproduce dx deployment issue.This is my test pick-list label to reproduce dx deployment issue.This is my test to ** reproduce dx deployment issue.(i.e, Test data value/string) &amp; test a piclist value exceeds 255</label>
            </value>
        </valueSetDefinition>
    </valueSet>
</CustomField>
